{"cameraMode":{"drawMode":0,"name":"Shaded","section":"Shading Mode"},"sceneLighting":true,"audioPlay":false,"sceneViewState":{"m_AlwaysRefresh":false,"showFog":true,"showSkybox":true,"showFlares":true,"showImageEffects":true,"showParticleSystems":true,"showVisualEffectGraphs":true,"m_FxEnabled":true},"in2DMode":false,"pivot":{"x":9.51041030883789,"y":24.219711303710939,"z":14.153080940246582},"rotation":{"x":0.5776510238647461,"y":-0.009794721379876137,"z":0.006932048127055168,"w":0.8161972761154175},"size":7.679346084594727,"orthographic":false}