{"cameraMode":{"drawMode":0,"name":"Shaded","section":"Shading Mode"},"sceneLighting":true,"audioPlay":false,"sceneViewState":{"m_AlwaysRefresh":false,"showFog":true,"showSkybox":true,"showFlares":true,"showImageEffects":true,"showParticleSystems":true,"showVisualEffectGraphs":true,"m_FxEnabled":true},"in2DMode":false,"pivot":{"x":61.355499267578128,"y":24.229921340942384,"z":15.42644214630127},"rotation":{"x":0.5776510238647461,"y":-0.009794721379876137,"z":0.006932048127055168,"w":0.8161972761154175},"size":21.000560760498048,"orthographic":false}