{"cameraMode":{"drawMode":0,"name":"Shaded","section":"Shading Mode"},"sceneLighting":true,"audioPlay":false,"sceneViewState":{"m_AlwaysRefresh":false,"showFog":true,"showSkybox":true,"showFlares":true,"showImageEffects":true,"showParticleSystems":true,"showVisualEffectGraphs":true,"m_FxEnabled":true},"in2DMode":false,"pivot":{"x":39.85694885253906,"y":19.60462188720703,"z":2.1248159408569338},"rotation":{"x":0.5776510238647461,"y":-0.009794721379876137,"z":0.006932048127055168,"w":0.8161972761154175},"size":22.161096572875978,"orthographic":false}