{"cameraMode":{"drawMode":0,"name":"Shaded","section":"Shading Mode"},"sceneLighting":true,"audioPlay":false,"sceneViewState":{"m_AlwaysRefresh":false,"showFog":true,"showSkybox":true,"showFlares":true,"showImageEffects":true,"showParticleSystems":true,"showVisualEffectGraphs":true,"m_FxEnabled":true},"in2DMode":false,"pivot":{"x":10.45651912689209,"y":24.228118896484376,"z":14.534801483154297},"rotation":{"x":0.5776510238647461,"y":-0.009794721379876137,"z":0.006932048127055168,"w":0.8161972761154175},"size":28.035802841186525,"orthographic":false}